{"cameraMode":{"drawMode":0,"name":"Shaded","section":"Shading Mode"},"sceneLighting":false,"audioPlay":false,"sceneViewState":{"showFog":true,"showMaterialUpdate":false,"showSkybox":true,"showFlares":true,"showImageEffects":true,"showParticleSystems":true},"in2DMode":false,"pivot":{"x":0.02232999913394451,"y":-0.006032481789588928,"z":0.17373602092266084},"rotation":{"x":-0.3069959282875061,"y":0.5083966851234436,"z":-0.2003004252910614,"w":-0.7792086601257324},"size":22.0,"orthographic":false}