{"cameraMode":{"drawMode":0,"name":"Shaded","section":"Shading Mode"},"sceneLighting":false,"audioPlay":false,"sceneViewState":{"showFog":true,"showMaterialUpdate":false,"showSkybox":true,"showFlares":true,"showImageEffects":true,"showParticleSystems":true},"in2DMode":false,"pivot":{"x":0.066162109375,"y":0.10665474086999893,"z":0.5186767578125},"rotation":{"x":0.0008338990737684071,"y":-0.9794402122497559,"z":0.003811196656897664,"w":0.20169682800769807},"size":0.685013473033905,"orthographic":true}