{"cameraMode":{"drawMode":0,"name":"Shaded","section":"Shading Mode"},"sceneLighting":false,"audioPlay":false,"sceneViewState":{"showFog":true,"showMaterialUpdate":false,"showSkybox":true,"showFlares":true,"showImageEffects":true,"showParticleSystems":true},"in2DMode":false,"pivot":{"x":-0.10235978662967682,"y":0.07613281905651093,"z":-0.013416924513876439},"rotation":{"x":-0.19108787178993226,"y":-0.42061588168144228,"z":0.09110813587903977,"w":-0.8821943998336792},"size":0.1614348292350769,"orthographic":false}