{"cameraMode":{"drawMode":0,"name":"Shaded","section":"Shading Mode"},"sceneLighting":false,"audioPlay":false,"sceneViewState":{"showFog":true,"showMaterialUpdate":false,"showSkybox":true,"showFlares":true,"showImageEffects":true,"showParticleSystems":true},"in2DMode":false,"pivot":{"x":0.024577653035521508,"y":0.020850617438554765,"z":-0.0029188692569732668},"rotation":{"x":-0.46575823426246645,"y":0.16078206896781922,"z":-0.08648695051670075,"w":-0.8658744096755981},"size":0.34475380182266238,"orthographic":false}